model,MAE,RMSE,R2
Gradient Boosting Regressor,0.013214929577181324,0.02074344881431146,0.999188318660158
Random Forest Regressor,0.014626006173326062,0.022922442143146055,0.9990088362634072
"SARIMA(1,0,1)(1,0,1)[7]",0.25749978649529887,0.3408401767932956,-0.19413902176568554
