,mean,median,std,min,max
LIMIT_BAL,184668.99483055715,140000.0,235931.93092375528,10000.0,5600000.0
AGE,35.518299881936244,34.0,9.236782541730589,21.0,79.0
BILL_AMT_SUM,294815.1708922617,129037.0,571807.2520787396,-336259.0,21292660.0
risk_leak,-56940610.58138992,0.03065539210338179,5113955704.994687,-535000000000.0,412000000000.0
